Product Name,Display,Price,Rating
SAMSUNG Guru 1200,1 Year for Mobile & 6 Months for Accessories,1100,4.3
SAMSUNG Guru 1200,1 Year for Mobile & 6 Months for Accessories,1100,4.3
SAMSUNG Guru 1200,1 Year for Mobile & 6 Months for Accessories,1100,4.3
SAMSUNG Guru 1200,1 Year for Mobile & 6 Months for Accessories,1100,4.3
SAMSUNG Guru 1200,1 Year for Mobile & 6 Months for Accessories,1100,4.3
SAMSUNG Guru 1200,1 Year for Mobile & 6 Months for Accessories,1100,4.3
SAMSUNG Guru 1200,1 Year for Mobile & 6 Months for Accessories,1100,4.3
SAMSUNG Guru 1200,1 Year for Mobile & 6 Months for Accessories,1410,4.3
SAMSUNG Guru 1200,1 Year for Mobile & 6 Months for Accessories,1410,4.3
SAMSUNG Guru 1200,1 Year for Mobile & 6 Months for Accessories,1410,4.3
SAMSUNG Guru 1200,1 Year for Mobile & 6 Months for Accessories,1410,4.3
SAMSUNG Guru 1200,1 Year for Mobile & 6 Months for Accessories,1410,4.3
SAMSUNG Guru 1200,1 Year for Mobile & 6 Months for Accessories,1410,4.3
SAMSUNG Guru 1200,1 Year for Mobile & 6 Months for Accessories,1410,4.3
SAMSUNG Guru 1200,1 Year for Mobile & 6 Months for Accessories,1410,4.3
SAMSUNG Guru 1200,1 Year for Mobile & 6 Months for Accessories,1410,4.3
SAMSUNG Guru 1200,1 Year for Mobile & 6 Months for Accessories,1410,4.3
"SAMSUNG Galaxy M20 (Ocean Blue, 32 GB)",1 Year for Mobile & 6 Months for Accessories,9990,4.2
"SAMSUNG Galaxy M20 (Ocean Blue, 32 GB)",1 Year for Mobile & 6 Months for Accessories,9990,4.2
"SAMSUNG Galaxy Note 3 Neo (White, 16 GB)",1 Year for Mobile & 6 Months for Accessories,11250,4.2
"SAMSUNG Galaxy Note 3 Neo (White, 16 GB)",1 Year for Mobile & 6 Months for Accessories,11250,4.2
"SAMSUNG Galaxy Note 3 Neo (Black, 16 GB)",1 Year for Mobile & 6 Months for Accessories,19900,4.2
"SAMSUNG Galaxy Note 3 Neo (Black, 16 GB)",1 Year for Mobile & 6 Months for Accessories,19900,4.2
SAMSUNG GT 1200 R/I/M,1 Year for Mobile & 6 Months for Accessories,1099,4.1
SAMSUNG GT 1200 R/I/M,1 Year for Mobile & 6 Months for Accessories,1099,4.1
"SAMSUNG Galaxy Note 3 (Jet Black, 32 GB)",1 Year for Mobile & 6 Months for Accessories,21999,4.1
"SAMSUNG Galaxy Note 3 (Jet Black, 32 GB)",1 Year for Mobile & 6 Months for Accessories,21999,4.1
"SAMSUNG Galaxy S5 (Shimmery White, 16 GB)",1 Year for Mobile & 6 Months for Accessories,5999,3.9
"SAMSUNG Galaxy S5 (Shimmery White, 16 GB)",1 Year for Mobile & 6 Months for Accessories,5999,3.9
"SAMSUNG Galaxy S4 (Deep Black, 16 GB)",1 Year for Mobile & 6 Months for Accessories,15999,3.9
"SAMSUNG Galaxy S4 (Deep Black, 16 GB)",1 Year for Mobile & 6 Months for Accessories,15999,3.9
"SAMSUNG Galaxy S5 (Electric Blue, 16 GB)",1 Year for Mobile & 6 Months for Accessories,21999,3.9
"SAMSUNG Galaxy S5 (Copper Gold, 16 GB)",1 Year for Mobile & 6 Months for Accessories,21999,3.9
"SAMSUNG Galaxy S5 (Charcoal Black, 16 GB)",1 Year for Mobile & 6 Months for Accessories,21999,3.9
"SAMSUNG Galaxy S5 (Electric Blue, 16 GB)",1 Year for Mobile & 6 Months for Accessories,21999,3.9
"SAMSUNG Galaxy S5 (Copper Gold, 16 GB)",1 Year for Mobile & 6 Months for Accessories,21999,3.9
"SAMSUNG Galaxy S5 (Charcoal Black, 16 GB)",1 Year for Mobile & 6 Months for Accessories,21999,3.9
SAMSUNG E1270,1 Year for Mobile & 6 Months for Accessories,3899,3.8
SAMSUNG E1270,1 Year for Mobile & 6 Months for Accessories,3899,3.8
"SAMSUNG Galaxy S4 Zoom (White, 8 GB)",1 Year for Mobile & 6 Months for Accessories,19999,3.8
"SAMSUNG Galaxy S4 Zoom (White, 8 GB)",1 Year for Mobile & 6 Months for Accessories,19999,3.8
"SAMSUNG Galaxy Alpha (Dazzling White, 32 GB)",1 Year for Mobile & 6 Months for Accessories,19999,3.6
"SAMSUNG Galaxy Alpha (Dazzling White, 32 GB)",1 Year for Mobile & 6 Months for Accessories,19999,3.6
"SAMSUNG Galaxy Alpha (Charcoal Black, 32 GB)",1 Year for Mobile & 6 Months for Accessories,22389,3.6
"SAMSUNG Galaxy Alpha (Charcoal Black, 32 GB)",1 Year for Mobile & 6 Months for Accessories,22389,3.6
SAMSUNG E1190,1 Year for Mobile & 6 Months for Accessories,3670,3.2
SAMSUNG E1190,1 Year for Mobile & 6 Months for Accessories,3670,3.2
SAMSUNG C3520,1 Year for Mobile & 6 Months for Accessories,3738,2.8
SAMSUNG C3520,1 Year for Mobile & 6 Months for Accessories,3738,2.8
SAMSUNG S3600,1 Year for Mobile & 6 Months for Accessories,3840,2.7
SAMSUNG S3600,1 Year for Mobile & 6 Months for Accessories,3840,2.7
,,,
